StudentID,FirstName,LastName,Email
1000,John,Doe,john.doe@school.il.us
1001,Jane,Doen,jane.doen@school.il.us
1002,Julie,Doey,julie.doey@school.il.us
1003,Jack,Doer,jack.doer@school.il.us
1004,Johnson,Doet,johnson.doet@school.il.us
1005,Jill,Doew,jill.doew@school.il.us
1006,Jip,Doep,jip.doep@school.il.us
1007,Jop,Does,jop.does@school.il.us
1008,Jamie,Doef,jamie.doef@school.il.us
1009,June,Doek,june.doek@school.il.us
